{"cameraMode":{"drawMode":0,"name":"Shaded","section":"Shading Mode"},"sceneLighting":true,"audioPlay":false,"sceneViewState":{"showFog":true,"showMaterialUpdate":false,"showSkybox":true,"showFlares":true,"showImageEffects":true,"showParticleSystems":true},"in2DMode":false,"pivot":{"x":2.6737191677093508,"y":0.009589672088623047,"z":-0.02256612479686737},"rotation":{"x":-0.698128342628479,"y":-0.006691330578178167,"z":0.006527584046125412,"w":-0.7159116268157959},"size":5.3399810791015629,"orthographic":false}